{"cameraMode":{"drawMode":0,"name":"Shaded","section":"Shading Mode"},"sceneLighting":true,"audioPlay":false,"sceneViewState":{"showFog":true,"showMaterialUpdate":false,"showSkybox":true,"showFlares":true,"showImageEffects":true,"showParticleSystems":true},"in2DMode":false,"pivot":{"x":0.6610851287841797,"y":-1.2078557014465333,"z":1.0392295122146607},"rotation":{"x":0.15191514790058137,"y":-0.643613338470459,"z":0.13270913064479829,"w":0.7383529543876648},"size":6.38689661026001,"orthographic":false}