{"cameraMode":{"drawMode":0,"name":"Shaded","section":"Shading Mode"},"sceneLighting":true,"audioPlay":false,"sceneViewState":{"showFog":true,"showMaterialUpdate":false,"showSkybox":true,"showFlares":true,"showImageEffects":true,"showParticleSystems":true},"in2DMode":false,"pivot":{"x":0.11034894734621048,"y":0.0481070876121521,"z":-0.026967287063598634},"rotation":{"x":-0.3330618143081665,"y":0.017507733777165414,"z":-0.0062462626956403259,"w":-0.9427493810653687},"size":0.8334531188011169,"orthographic":false}