{"cameraMode":{"drawMode":0,"name":"Shaded","section":"Shading Mode"},"sceneLighting":true,"audioPlay":false,"sceneViewState":{"showFog":true,"showMaterialUpdate":false,"showSkybox":true,"showFlares":true,"showImageEffects":true,"showParticleSystems":true},"in2DMode":false,"pivot":{"x":1.3701955080032349,"y":-2.1016016006469728,"z":1.4483667612075806},"rotation":{"x":0.13758233189582826,"y":0.8582661747932434,"z":-0.393148273229599,"w":0.2999536395072937},"size":1.3576748371124268,"orthographic":false}