{"cameraMode":{"drawMode":0,"name":"Shaded","section":"Shading Mode"},"sceneLighting":true,"audioPlay":false,"sceneViewState":{"showFog":true,"showMaterialUpdate":false,"showSkybox":true,"showFlares":true,"showImageEffects":true,"showParticleSystems":true},"in2DMode":false,"pivot":{"x":-4.051669120788574,"y":-2.7538788318634035,"z":7.775175094604492},"rotation":{"x":-0.1702670454978943,"y":0.23172079026699067,"z":-0.04126374050974846,"w":-0.9568936228752136},"size":14.473516464233399,"orthographic":false}